id	surface	status	kind	name	obligation	verification	upstream	reference	finding	class
benny-11	benny	VERIFIED	behavior	-	The services/benny receiver returns 503 on every non-health route when neither a bearer token nor a signing secret is configured.	test@tests/hosted/benny-failure-modes.test.mjs@benny-failure-03 no configured credential fails closed with 503	mechanism:automations-slack	services/benny/server.mjs:227	-	ADAPTED-EQUIVALENT
benny-12	benny	VERIFIED	behavior	-	The services/benny receiver verifies the v0 HMAC signature and a 300 second timestamp window on the Slack event route and answers 401 on a bad or stale signature.	test@tests/hosted/benny-failure-modes.test.mjs@benny-failure-01 rejects a bad slack signature	mechanism:automations-slack	services/benny/server.mjs:102	-	ADAPTED-EQUIVALENT
benny-13	benny	VERIFIED	behavior	-	The services/benny receiver answers a repeated source event id with the existing event id and appends no second wake line.	test@tests/hosted/benny-events.test.mjs@benny-events-02 duplicate source event is idempotent	mechanism:automations-slack	services/benny/server.mjs:151	-	ADAPTED-EQUIVALENT
benny-14	benny	VERIFIED	behavior	-	The services/benny receiver carries the source channel and thread coordinates into the wake payload, keeping thread_ts for a reply and falling back to ts for a top-level report.	test@tests/hosted/benny-events.test.mjs@benny-events-01 slack report persists pending with one wake line	mechanism:automations-slack	services/benny/routing.mjs:158	-	ADAPTED-EQUIVALENT
benny-15	benny	VERIFIED	behavior	-	The services/benny receiver leaves an event pending when the wake append fails, redelivers it on the next delivery, and still lists it after a restart over the same state directory.	test@tests/hosted/benny-failure-modes.test.mjs@benny-failure-05 a failed wake append keeps the event pending and retries	mechanism:automations-slack	services/benny/store.mjs:211	-	ADAPTED-EQUIVALENT
benny-16	benny	VERIFIED	behavior	-	The services/benny configuration writer merges only the routes and defaultIntent keys and leaves every other key in ~/.pi/agent/benny.json intact.	test@tests/hosted/benny-events.test.mjs@benny-events-03 config write preserves unknown user keys	mechanism:automations-slack	services/benny/routing.mjs:104	-	ADAPTED-EQUIVALENT
benny-17	benny	VERIFIED	behavior	-	The services/benny test-event route returns the normalized record and persists no event and no wake line.	test@tests/hosted/benny-events.test.mjs@benny-events-05 test event returns the normalized record without enqueuing	mechanism:automations-slack	services/benny/server.mjs:237	-	ADAPTED-EQUIVALENT
benny-18	benny	VERIFIED	behavior	-	The services/benny generic receiver normalizes a POST /v1/hooks/:source body into the same record shape and enqueues it for the local agent.	test@tests/hosted/benny-events.test.mjs@benny-events-06 generic hook normalizes and enqueues	mechanism:grok-bot	services/benny/routing.mjs:183	-	ADAPTED-EQUIVALENT
benny-19	benny	VERIFIED	behavior	-	The services/benny receiver stores only a derived source event key and never returns, logs, or persists a configured token or signing secret.	test@tests/hosted/benny-events.test.mjs@benny-events-07 stored records and responses carry no secret	mechanism:automations-slack	services/benny/store.mjs:61	-	ADAPTED-EQUIVALENT
