SubagentAwait	{"agent_id":"076a0d84-c49f-5fc4-82bc-b15d023300fc","timeout_ms":30000}
read	{"path":"/var/folders/11/m_kwnqr97632l_cjt0mhytvh0000gn/T/tmp.K7ZZEQ0ONo/sessions/--private-var-folders-11-m_kwnqr97632l_cjt0mhytvh0000gn-T-tmp.pmPmmVsDQH--/2026-09-25T04-23-27-336Z_01a0d6cd-cf68-7266-a241-22980c0681d7/076a0d84-c49f-5fc4-82bc-b15d023300fc/session.jsonl","offset":1,"limit":null}
todo	{"action":"set","id":33,"status":"completed"}
todo	{"action":"set","id":35,"status":"completed"}
todo	{"action":"set","id":37,"status":"completed"}
todo	{"action":"set","id":38,"status":"completed"}
todo	{"action":"add","items":["1. Detect available models. Run `pi --list-models` to enumerate model ids available to Task. Every id is `<provider>/<id>`. A real value is one of those ids plus an optional thinking suffix, `:<level>`, where the level is one of `off`, `minimal`, `low`, `medium`, `high`, `xhigh`, `max`. If you cannot detect any models, ask the user to paste the ids they have access to. Never write an id you have not confirmed is available.","2. Load current state. The default role-to-model mapping is the block shape shown in step 5 below. If `~/.pi/agent/AGENTS.md` already has a block between `<!-- pstack-models:begin -->` and `<!-- pstack-models:end -->`, read it and treat its `# budget` line and role values as the current choices. Also read an existing `~/.cursor/rules/pstack-models.mdc` once, if present, as a migration source for the user's role choices. Otherwise start from the defaults. A line whose role is not in step 5, such as the retired `how critics` role, is obsolete and should be dropped.","3. Budget, map, and confirm. Ask for a budget with the exact options `unlimited — keep max`, `large — xhigh reasoning`, `medium — high reasoning`, and `small — medium reasoning`. Apply that budget to the default or current mapping, preserving customized role choices by family, list, or alias. Show every role with its model, note obsolete roles, and ask whether to accept or change specific roles using detected ids plus `inherit-parent` and `auto`.","4. Validate. Every real value written must be a detected id plus an optional valid suffix. `inherit-parent` and `auto` always pass. If a chosen id is not available, stop and ask again.","5. Write the block. Create `~/.pi/agent/AGENTS.md` if it is missing. Replace everything between the two markers with the new block, or append the block at the end when the markers are absent. Leave the rest of the file untouched, so re-runs stay idempotent. Resolve `../poteto-mode/SKILL.md` relative to this skill's directory, then replace `ABSOLUTE_PATH_TO_POTETO_MODE_SKILL` in the template with that absolute path before writing the block. Write it with a small script rather than by hand (principle-build-the-lever), then print the block back to confirm.","6. Confirm. Tell the user the block was written and that it applies to new sessions, or to this one after `/reload`. Re-running this skill updates it.","7. Offer a verification skill (optional). Check whether the project has a way to drive the real app for proof (a `verify-*` skill under `.pi/skills/` or `.agents/skills/`, or an existing harness). If not, offer once: \\"want a project-local verification skill, so agents can drive the app the way a user does and prove changes work? I can generate one with `/skill:create-verification-skill`.\\" On yes, read and follow `../create-verification-skill/SKILL.md`. On no, move on without pushing."]}
bash	{"command":"pi --list-models","timeout":30}
read	{"path":"/Users/josh-desktop/.pi/agent/AGENTS.md","offset":1,"limit":null}
bash	{"command":"if [ -f \\"$HOME/.cursor/rules/pstack-models.mdc\\" ]; then printf 'PRESENT\\\\n'; else printf 'ABSENT\\\\n'; fi","timeout":5}
read	{"path":"/Users/josh-desktop/.cursor/rules/pstack-models.mdc","offset":1,"limit":null}
questionnaire	{"questions":[{"id":"budget","prompt":"The current AGENTS.md budget is custom (codex max for every role, with Opus low for one panel seat). Which budget should apply?","options":[{"value":"unlimited","label":"unlimited — keep max"},{"value":"large","label":"large — xhigh reasoning"},{"value":"medium","label":"medium — high reasoning"},{"value":"small","label":"small — medium reasoning"}],"allowOther":false,"allowMultiple":false}]}
